ab,d,trans_a,bias,m,n,k,batch,lda,ldb,ldd,stride_a,stride_b,stride_d,alpha,calls
0,0,0,0,1,3,3,6,1,3,1,3,9,3,1.0,13
0,0,0,0,1,4,4,60000,1,4,1,4,16,4,1.0,12
0,0,0,0,2,2500,3,1,2,3,2,0,7500,5000,1.0,12
0,0,0,0,4,4,4,6,4,4,4,16,16,16,1.0,13
0,0,0,0,10,900,256,1,10,256,10,0,0,0,1.0,216
0,0,0,0,32,900,256,1,32,256,32,0,0,0,1.0,60
0,0,0,0,32,900,900,8,32,900,32,28800,810000,28800,1.0,60
0,0,0,0,64,1,448,20,64,448,64,28672,448,64,1.0,32
0,0,0,0,64,1,1500,20,64,1500,64,96000,1500,64,1.0,32
0,0,0,0,64,4,4,20,64,4,64,256,16,256,1.0,32
0,0,0,0,64,4,1500,20,64,1500,64,96000,6000,256,1.0,32
0,0,0,0,64,900,256,1,64,256,64,0,0,0,1.0,60
0,0,0,0,64,1500,1500,20,64,1500,64,96000,2250000,96000,1.0,32
0,0,0,0,64,2500,512,1,64,512,64,0,0,0,1.0,36
0,0,0,0,64,15000,256,1,64,256,64,0,0,0,1.0,36
0,0,0,0,128,2500,512,1,128,512,128,0,0,0,1.0,36
0,0,0,0,128,15000,256,1,128,256,128,0,0,0,1.0,36
0,0,0,0,256,900,256,1,256,256,256,0,0,0,1.0,744
0,0,0,0,256,900,512,1,256,512,256,0,0,0,1.0,72
0,0,0,0,256,2500,256,1,256,256,256,0,0,0,1.0,144
0,0,0,0,256,2500,512,1,256,512,256,0,0,0,1.0,36
0,0,0,0,256,5000,256,1,256,256,256,0,0,0,1.0,36
0,0,0,0,512,900,256,1,512,256,512,0,0,0,1.0,72
0,0,0,0,512,2500,256,1,512,256,512,0,0,0,1.0,36
0,0,0,0,768,375,256,6,768,256,768,0,96000,288000,1.0,12
0,0,0,0,900,900,32,8,900,32,900,28800,28800,810000,1.0,60
0,0,0,0,1280,1,1280,1,1280,1280,1280,0,1280,1280,1.0,4992
0,0,0,0,1280,1,5120,1,1280,5120,1280,0,0,0,1.0,832
0,0,0,0,1280,4,1280,1,1280,1280,1280,0,5120,5120,1.0,384
0,0,0,0,1280,4,5120,1,1280,5120,1280,0,0,0,1.0,64
0,0,0,0,1280,1500,1280,1,1280,1280,1280,0,0,0,1.0,192
0,0,0,0,1280,1500,5120,1,1280,5120,1280,0,0,0,1.0,64
0,0,0,0,3840,1500,1280,1,3840,1280,3840,0,1920000,5760000,1.0,64
0,0,0,0,5120,1,1280,1,5120,1280,5120,0,0,0,1.0,832
0,0,0,0,5120,4,1280,1,5120,1280,5120,0,0,0,1.0,64
0,0,0,0,5120,1500,1280,1,5120,1280,5120,0,0,0,1.0,64
0,0,0,0,51866,1,1280,1,51866,1280,51866,0,1280,51866,1.0,26
0,0,0,0,51866,4,1280,1,51866,1280,51866,0,5120,207464,1.0,2
0,0,0,0,320000,4,4,6,320000,4,320000,1280000,16,1280000,1.0,26
0,0,1,0,4,4,64,20,64,64,4,256,256,16,1.0,32
0,0,1,0,128,1,18,1,18,18,128,0,0,0,1.0,12
0,0,1,0,256,1,128,1,128,128,256,0,0,0,1.0,12
0,0,1,0,448,1,64,20,64,64,448,28672,64,448,1.0,32
0,0,1,0,1500,1,64,20,64,64,1500,96000,64,1500,1.0,32
0,0,1,0,1500,4,64,20,64,64,1500,96000,256,6000,1.0,32
0,0,1,0,1500,1500,64,20,64,64,1500,96000,96000,2250000,1.0,32
1,0,1,0,274,274,256,8,256,256,274,70144,70144,75076,1.0,116
1,0,1,0,392,392,256,8,256,256,392,100352,100352,153664,1.0,116
1,0,1,0,1843,6,256,4,256,256,1843,471808,1536,11058,1.0,48
1,0,1,0,1844,6,256,4,256,256,1844,472064,1536,11064,1.0,48
1,0,1,0,1845,6,256,4,256,256,1845,472320,1536,11070,1.0,48
1,0,1,0,1846,6,256,4,256,256,1846,472576,1536,11076,1.0,48
1,0,1,0,1847,6,256,4,256,256,1847,472832,1536,11082,1.0,48
1,0,1,0,1848,6,256,4,256,256,1848,473088,1536,11088,1.0,48
1,0,1,0,1849,6,256,4,256,256,1849,473344,1536,11094,1.0,48
1,0,1,0,1850,6,256,4,256,256,1850,473600,1536,11100,1.0,48
1,0,1,0,1851,6,256,4,256,256,1851,473856,1536,11106,1.0,48
1,0,1,0,1852,6,256,4,256,256,1852,474112,1536,11112,1.0,48
1,0,1,0,1853,6,256,4,256,256,1853,474368,1536,11118,1.0,48
1,0,1,0,1854,6,256,4,256,256,1854,474624,1536,11124,1.0,48
1,0,1,0,1855,6,256,4,256,256,1855,474880,1536,11130,1.0,48
1,0,1,0,1856,6,256,4,256,256,1856,475136,1536,11136,1.0,48
1,0,1,0,1857,6,256,4,256,256,1857,475392,1536,11142,1.0,48
1,0,1,0,1858,6,256,4,256,256,1858,475648,1536,11148,1.0,48
1,0,1,0,1859,6,256,4,256,256,1859,475904,1536,11154,1.0,48
1,0,1,0,1860,6,256,4,256,256,1860,476160,1536,11160,1.0,48
1,0,1,0,1861,6,256,4,256,256,1861,476416,1536,11166,1.0,48
1,0,1,0,1862,6,256,4,256,256,1862,476672,1536,11172,1.0,48
1,0,1,0,1863,6,256,4,256,256,1863,476928,1536,11178,1.0,48
1,0,1,0,1864,6,256,4,256,256,1864,477184,1536,11184,1.0,48
1,0,1,0,1865,6,256,4,256,256,1865,477440,1536,11190,1.0,48
1,0,1,0,1866,6,256,4,256,256,1866,477696,1536,11196,1.0,48
1,0,1,0,1867,6,256,4,256,256,1867,477952,1536,11202,1.0,48
1,0,1,0,1868,6,256,4,256,256,1868,478208,1536,11208,1.0,48
1,0,1,0,1869,6,256,4,256,256,1869,478464,1536,11214,1.0,48
1,0,1,0,1870,6,256,4,256,256,1870,478720,1536,11220,1.0,48
1,0,1,0,1871,6,256,4,256,256,1871,478976,1536,11226,1.0,48
1,0,1,0,1872,6,256,4,256,256,1872,479232,1536,11232,1.0,48
1,0,1,0,1873,6,256,4,256,256,1873,479488,1536,11238,1.0,48
1,0,1,0,1874,6,256,4,256,256,1874,479744,1536,11244,1.0,48
1,0,1,0,1875,6,256,4,256,256,1875,480000,1536,11250,1.0,48
1,0,1,0,1876,6,256,4,256,256,1876,480256,1536,11256,1.0,48
1,0,1,0,1877,6,256,4,256,256,1877,480512,1536,11262,1.0,48
1,0,1,0,1878,6,256,4,256,256,1878,480768,1536,11268,1.0,48
1,0,1,0,1879,6,256,4,256,256,1879,481024,1536,11274,1.0,48
1,0,1,0,1880,6,256,4,256,256,1880,481280,1536,11280,1.0,48
1,0,1,0,1881,6,256,4,256,256,1881,481536,1536,11286,1.0,48
1,0,1,0,1882,6,256,4,256,256,1882,481792,1536,11292,1.0,48
1,0,1,0,1883,6,256,4,256,256,1883,482048,1536,11298,1.0,48
1,0,1,0,1884,6,256,4,256,256,1884,482304,1536,11304,1.0,48
1,0,1,0,1885,6,256,4,256,256,1885,482560,1536,11310,1.0,96
1,0,1,0,1886,6,256,4,256,256,1886,482816,1536,11316,1.0,96
1,0,1,0,1887,6,256,4,256,256,1887,483072,1536,11322,1.0,96
1,0,1,0,1888,6,256,4,256,256,1888,483328,1536,11328,1.0,96
1,0,1,0,1889,6,256,4,256,256,1889,483584,1536,11334,1.0,96
1,0,1,0,1890,6,256,4,256,256,1890,483840,1536,11340,1.0,96
1,0,1,0,1891,6,256,4,256,256,1891,484096,1536,11346,1.0,96
1,0,1,0,1892,6,256,4,256,256,1892,484352,1536,11352,1.0,96
1,0,1,0,1893,6,256,4,256,256,1893,484608,1536,11358,1.0,96
1,0,1,0,1894,6,256,4,256,256,1894,484864,1536,11364,1.0,96
1,0,1,0,1895,6,256,4,256,256,1895,485120,1536,11370,1.0,96
1,0,1,0,1896,6,256,4,256,256,1896,485376,1536,11376,1.0,96
1,0,1,0,1897,6,256,4,256,256,1897,485632,1536,11382,1.0,96
1,0,1,0,1898,6,256,4,256,256,1898,485888,1536,11388,1.0,96
1,0,1,0,1899,6,256,4,256,256,1899,486144,1536,11394,1.0,96
1,0,1,0,1900,6,256,4,256,256,1900,486400,1536,11400,1.0,96
1,0,1,0,1901,6,256,4,256,256,1901,486656,1536,11406,1.0,96
1,0,1,0,1902,6,256,4,256,256,1902,486912,1536,11412,1.0,96
1,0,1,0,1903,6,256,4,256,256,1903,487168,1536,11418,1.0,96
1,0,1,0,1904,6,256,4,256,256,1904,487424,1536,11424,1.0,96
1,0,1,0,1905,6,256,4,256,256,1905,487680,1536,11430,1.0,96
1,0,1,0,1906,6,256,4,256,256,1906,487936,1536,11436,1.0,96
1,0,1,0,1907,6,256,4,256,256,1907,488192,1536,11442,1.0,96
1,0,1,0,1908,6,256,4,256,256,1908,488448,1536,11448,1.0,96
1,0,1,0,1909,6,256,4,256,256,1909,488704,1536,11454,1.0,96
1,0,1,0,1910,6,256,4,256,256,1910,488960,1536,11460,1.0,96
1,0,1,0,1911,6,256,4,256,256,1911,489216,1536,11466,1.0,96
1,0,1,0,1912,6,256,4,256,256,1912,489472,1536,11472,1.0,96
1,0,1,0,1913,6,256,4,256,256,1913,489728,1536,11478,1.0,96
1,0,1,0,1914,6,256,4,256,256,1914,489984,1536,11484,1.0,96
1,0,1,0,1915,6,256,4,256,256,1915,490240,1536,11490,1.0,96
1,0,1,0,1916,6,256,4,256,256,1916,490496,1536,11496,1.0,96
1,0,1,0,1917,6,256,4,256,256,1917,490752,1536,11502,1.0,96
1,0,1,0,1918,6,256,4,256,256,1918,491008,1536,11508,1.0,96
1,0,1,0,1919,6,256,4,256,256,1919,491264,1536,11514,1.0,96
1,0,1,0,1920,6,256,4,256,256,1920,491520,1536,11520,1.0,96
1,0,1,0,1921,6,256,4,256,256,1921,491776,1536,11526,1.0,96
1,0,1,0,1922,6,256,4,256,256,1922,492032,1536,11532,1.0,96
1,0,1,0,1923,6,256,4,256,256,1923,492288,1536,11538,1.0,96
1,0,1,0,1924,6,256,4,256,256,1924,492544,1536,11544,1.0,96
1,0,1,0,1925,6,256,4,256,256,1925,492800,1536,11550,1.0,96
1,0,1,0,1926,6,256,4,256,256,1926,493056,1536,11556,1.0,96
1,0,1,0,1927,6,256,4,256,256,1927,493312,1536,11562,1.0,96
1,0,1,0,1928,6,256,4,256,256,1928,493568,1536,11568,1.0,96
1,0,1,0,1929,6,256,4,256,256,1929,493824,1536,11574,1.0,96
1,0,1,0,1930,6,256,4,256,256,1930,494080,1536,11580,1.0,96
1,0,1,0,1931,6,256,4,256,256,1931,494336,1536,11586,1.0,96
1,0,1,0,1932,6,256,4,256,256,1932,494592,1536,11592,1.0,96
1,0,1,0,1933,6,256,4,256,256,1933,494848,1536,11598,1.0,96
1,0,1,0,1934,6,256,4,256,256,1934,495104,1536,11604,1.0,96
1,0,1,0,1935,6,256,4,256,256,1935,495360,1536,11610,1.0,96
1,0,1,0,1936,6,256,4,256,256,1936,495616,1536,11616,1.0,96
1,0,1,0,1937,6,256,4,256,256,1937,495872,1536,11622,1.0,96
1,0,1,0,1938,6,256,4,256,256,1938,496128,1536,11628,1.0,96
1,0,1,0,1939,6,256,4,256,256,1939,496384,1536,11634,1.0,96
1,0,1,0,1940,6,256,4,256,256,1940,496640,1536,11640,1.0,96
1,0,1,0,1941,6,256,4,256,256,1941,496896,1536,11646,1.0,96
1,0,1,0,1942,6,256,4,256,256,1942,497152,1536,11652,1.0,96
1,0,1,0,1943,6,256,4,256,256,1943,497408,1536,11658,1.0,96
1,0,1,0,1944,6,256,4,256,256,1944,497664,1536,11664,1.0,96
1,0,1,0,1945,6,256,4,256,256,1945,497920,1536,11670,1.0,96
1,0,1,0,1946,6,256,4,256,256,1946,498176,1536,11676,1.0,96
1,0,1,0,1947,6,256,4,256,256,1947,498432,1536,11682,1.0,96
1,0,1,0,1948,6,256,4,256,256,1948,498688,1536,11688,1.0,96
1,0,1,0,1949,6,256,4,256,256,1949,498944,1536,11694,1.0,96
1,0,1,0,1950,6,256,4,256,256,1950,499200,1536,11700,1.0,96
1,0,1,0,1951,6,256,4,256,256,1951,499456,1536,11706,1.0,96
1,0,1,0,1952,6,256,4,256,256,1952,499712,1536,11712,1.0,96
1,0,1,0,1953,6,256,4,256,256,1953,499968,1536,11718,1.0,96
1,0,1,0,1954,6,256,4,256,256,1954,500224,1536,11724,1.0,96
1,0,1,0,1955,6,256,4,256,256,1955,500480,1536,11730,1.0,96
1,0,1,0,1956,6,256,4,256,256,1956,500736,1536,11736,1.0,96
1,0,1,0,1957,6,256,4,256,256,1957,500992,1536,11742,1.0,96
1,0,1,0,1958,6,256,4,256,256,1958,501248,1536,11748,1.0,96
1,0,1,0,1959,6,256,4,256,256,1959,501504,1536,11754,1.0,96
1,0,1,0,1960,6,256,4,256,256,1960,501760,1536,11760,1.0,96
1,0,1,0,1961,6,256,4,256,256,1961,502016,1536,11766,1.0,96
1,0,1,0,1962,6,256,4,256,256,1962,502272,1536,11772,1.0,96
1,0,1,0,1963,6,256,4,256,256,1963,502528,1536,11778,1.0,96
1,0,1,0,1964,6,256,4,256,256,1964,502784,1536,11784,1.0,96
1,0,1,0,1965,6,256,4,256,256,1965,503040,1536,11790,1.0,96
1,0,1,0,1966,6,256,4,256,256,1966,503296,1536,11796,1.0,96
1,0,1,0,1967,6,256,4,256,256,1967,503552,1536,11802,1.0,96
1,0,1,0,1968,6,256,4,256,256,1968,503808,1536,11808,1.0,96
1,0,1,0,1969,6,256,4,256,256,1969,504064,1536,11814,1.0,96
1,0,1,0,1970,6,256,4,256,256,1970,504320,1536,11820,1.0,48
1,0,1,0,1971,6,256,4,256,256,1971,504576,1536,11826,1.0,48
1,0,1,0,1972,6,256,4,256,256,1972,504832,1536,11832,1.0,96
1,0,1,0,1973,6,256,4,256,256,1973,505088,1536,11838,1.0,96
1,0,1,0,1974,6,256,4,256,256,1974,505344,1536,11844,1.0,96
1,0,1,0,1975,6,256,4,256,256,1975,505600,1536,11850,1.0,96
1,0,1,0,1976,6,256,4,256,256,1976,505856,1536,11856,1.0,96
1,0,1,0,1977,6,256,4,256,256,1977,506112,1536,11862,1.0,96
1,0,1,0,1978,6,256,4,256,256,1978,506368,1536,11868,1.0,96
1,0,1,0,1979,6,256,4,256,256,1979,506624,1536,11874,1.0,96
1,0,1,0,1980,6,256,4,256,256,1980,506880,1536,11880,1.0,96
1,0,1,0,1981,6,256,4,256,256,1981,507136,1536,11886,1.0,96
1,0,1,0,1982,6,256,4,256,256,1982,507392,1536,11892,1.0,96
1,0,1,0,1983,6,256,4,256,256,1983,507648,1536,11898,1.0,96
1,0,1,0,1984,6,256,4,256,256,1984,507904,1536,11904,1.0,96
1,0,1,0,1985,6,256,4,256,256,1985,508160,1536,11910,1.0,96
1,0,1,0,1986,6,256,4,256,256,1986,508416,1536,11916,1.0,96
1,0,1,0,1987,6,256,4,256,256,1987,508672,1536,11922,1.0,96
1,0,1,0,1988,6,256,4,256,256,1988,508928,1536,11928,1.0,96
1,0,1,0,1989,6,256,4,256,256,1989,509184,1536,11934,1.0,96
1,0,1,0,1990,6,256,4,256,256,1990,509440,1536,11940,1.0,96
1,0,1,0,1991,6,256,4,256,256,1991,509696,1536,11946,1.0,96
1,0,1,0,1992,6,256,4,256,256,1992,509952,1536,11952,1.0,96
1,0,1,0,1993,6,256,4,256,256,1993,510208,1536,11958,1.0,96
1,0,1,0,1994,6,256,4,256,256,1994,510464,1536,11964,1.0,96
1,0,1,0,1995,6,256,4,256,256,1995,510720,1536,11970,1.0,96
1,0,1,0,1996,6,256,4,256,256,1996,510976,1536,11976,1.0,96
1,0,1,0,1997,6,256,4,256,256,1997,511232,1536,11982,1.0,96
1,0,1,0,1998,6,256,4,256,256,1998,511488,1536,11988,1.0,96
1,0,1,0,1999,6,256,4,256,256,1999,511744,1536,11994,1.0,96
1,0,1,0,2000,6,256,4,256,256,2000,512000,1536,12000,1.0,96
1,0,1,0,2001,6,256,4,256,256,2001,512256,1536,12006,1.0,96
1,0,1,0,2002,6,256,4,256,256,2002,512512,1536,12012,1.0,96
1,0,1,0,2003,6,256,4,256,256,2003,512768,1536,12018,1.0,96
1,0,1,0,2004,6,256,4,256,256,2004,513024,1536,12024,1.0,96
1,0,1,0,2005,6,256,4,256,256,2005,513280,1536,12030,1.0,96
1,0,1,0,2006,6,256,4,256,256,2006,513536,1536,12036,1.0,96
1,0,1,0,2007,6,256,4,256,256,2007,513792,1536,12042,1.0,96
1,0,1,0,2008,6,256,4,256,256,2008,514048,1536,12048,1.0,96
1,0,1,0,2009,6,256,4,256,256,2009,514304,1536,12054,1.0,96
1,0,1,0,2010,6,256,4,256,256,2010,514560,1536,12060,1.0,96
1,0,1,0,2011,6,256,4,256,256,2011,514816,1536,12066,1.0,96
1,0,1,0,2012,6,256,4,256,256,2012,515072,1536,12072,1.0,48
1,0,1,0,2013,6,256,4,256,256,2013,515328,1536,12078,1.0,48
1,0,1,0,2014,6,256,4,256,256,2014,515584,1536,12084,1.0,96
1,0,1,0,2015,6,256,4,256,256,2015,515840,1536,12090,1.0,96
1,0,1,0,2016,6,256,4,256,256,2016,516096,1536,12096,1.0,96
1,0,1,0,2017,6,256,4,256,256,2017,516352,1536,12102,1.0,96
1,0,1,0,2018,6,256,4,256,256,2018,516608,1536,12108,1.0,96
1,0,1,0,2019,6,256,4,256,256,2019,516864,1536,12114,1.0,96
1,0,1,0,2020,6,256,4,256,256,2020,517120,1536,12120,1.0,96
1,0,1,0,2021,6,256,4,256,256,2021,517376,1536,12126,1.0,96
1,0,1,0,2022,6,256,4,256,256,2022,517632,1536,12132,1.0,96
1,0,1,0,2023,6,256,4,256,256,2023,517888,1536,12138,1.0,96
1,0,1,0,2024,6,256,4,256,256,2024,518144,1536,12144,1.0,96
1,0,1,0,2025,6,256,4,256,256,2025,518400,1536,12150,1.0,96
1,0,1,0,2026,6,256,4,256,256,2026,518656,1536,12156,1.0,96
1,0,1,0,2027,6,256,4,256,256,2027,518912,1536,12162,1.0,96
1,0,1,0,2028,6,256,4,256,256,2028,519168,1536,12168,1.0,96
1,0,1,0,2029,6,256,4,256,256,2029,519424,1536,12174,1.0,96
1,0,1,0,2030,6,256,4,256,256,2030,519680,1536,12180,1.0,96
1,0,1,0,2031,6,256,4,256,256,2031,519936,1536,12186,1.0,96
1,0,1,0,2032,6,256,4,256,256,2032,520192,1536,12192,1.0,96
1,0,1,0,2033,6,256,4,256,256,2033,520448,1536,12198,1.0,96
1,0,1,0,2034,6,256,4,256,256,2034,520704,1536,12204,1.0,96
1,0,1,0,2035,6,256,4,256,256,2035,520960,1536,12210,1.0,96
1,0,1,0,2036,6,256,4,256,256,2036,521216,1536,12216,1.0,96
1,0,1,0,2037,6,256,4,256,256,2037,521472,1536,12222,1.0,96
1,0,1,0,2038,6,256,4,256,256,2038,521728,1536,12228,1.0,96
1,0,1,0,2039,6,256,4,256,256,2039,521984,1536,12234,1.0,96
1,0,1,0,2040,6,256,4,256,256,2040,522240,1536,12240,1.0,96
1,0,1,0,2041,6,256,4,256,256,2041,522496,1536,12246,1.0,96
1,0,1,0,2042,6,256,4,256,256,2042,522752,1536,12252,1.0,96
1,0,1,0,2043,6,256,4,256,256,2043,523008,1536,12258,1.0,96
1,0,1,0,2044,6,256,4,256,256,2044,523264,1536,12264,1.0,96
1,0,1,0,2045,6,256,4,256,256,2045,523520,1536,12270,1.0,96
1,0,1,0,2046,6,256,4,256,256,2046,523776,1536,12276,1.0,96
1,0,1,0,2047,6,256,4,256,256,2047,524032,1536,12282,1.0,96
1,0,1,0,2048,6,256,4,256,256,2048,524288,1536,12288,1.0,96
1,0,1,0,2049,6,256,4,256,256,2049,524544,1536,12294,1.0,96
1,0,1,0,2050,6,256,4,256,256,2050,524800,1536,12300,1.0,96
1,0,1,0,2051,6,256,4,256,256,2051,525056,1536,12306,1.0,96
1,0,1,0,2052,6,256,4,256,256,2052,525312,1536,12312,1.0,96
1,0,1,0,2053,6,256,4,256,256,2053,525568,1536,12318,1.0,96
1,0,1,0,2054,6,256,4,256,256,2054,525824,1536,12324,1.0,96
1,0,1,0,2055,6,256,4,256,256,2055,526080,1536,12330,1.0,96
1,0,1,0,2056,6,256,4,256,256,2056,526336,1536,12336,1.0,96
1,0,1,0,2057,6,256,4,256,256,2057,526592,1536,12342,1.0,96
1,0,1,0,2058,6,256,4,256,256,2058,526848,1536,12348,1.0,96
1,0,1,0,2059,6,256,4,256,256,2059,527104,1536,12354,1.0,96
1,0,1,0,2060,6,256,4,256,256,2060,527360,1536,12360,1.0,96
1,0,1,0,2061,6,256,4,256,256,2061,527616,1536,12366,1.0,96
1,0,1,0,2062,6,256,4,256,256,2062,527872,1536,12372,1.0,96
1,0,1,0,2063,6,256,4,256,256,2063,528128,1536,12378,1.0,96
1,0,1,0,2064,6,256,4,256,256,2064,528384,1536,12384,1.0,96
1,0,1,0,2065,6,256,4,256,256,2065,528640,1536,12390,1.0,96
1,0,1,0,2066,6,256,4,256,256,2066,528896,1536,12396,1.0,96
1,0,1,0,2067,6,256,4,256,256,2067,529152,1536,12402,1.0,96
1,0,1,0,2068,6,256,4,256,256,2068,529408,1536,12408,1.0,96
1,0,1,0,2069,6,256,4,256,256,2069,529664,1536,12414,1.0,96
1,0,1,0,2070,6,256,4,256,256,2070,529920,1536,12420,1.0,96
1,0,1,0,2071,6,256,4,256,256,2071,530176,1536,12426,1.0,96
1,0,1,0,2072,6,256,4,256,256,2072,530432,1536,12432,1.0,96
1,0,1,0,2073,6,256,4,256,256,2073,530688,1536,12438,1.0,96
1,0,1,0,2074,6,256,4,256,256,2074,530944,1536,12444,1.0,96
1,0,1,0,2075,6,256,4,256,256,2075,531200,1536,12450,1.0,96
1,0,1,0,2076,6,256,4,256,256,2076,531456,1536,12456,1.0,96
1,0,1,0,2077,6,256,4,256,256,2077,531712,1536,12462,1.0,96
1,0,1,0,2078,6,256,4,256,256,2078,531968,1536,12468,1.0,96
1,0,1,0,2079,6,256,4,256,256,2079,532224,1536,12474,1.0,96
1,0,1,0,2080,6,256,4,256,256,2080,532480,1536,12480,1.0,96
1,0,1,0,2081,6,256,4,256,256,2081,532736,1536,12486,1.0,96
1,0,1,0,2082,6,256,4,256,256,2082,532992,1536,12492,1.0,96
1,0,1,0,2083,6,256,4,256,256,2083,533248,1536,12498,1.0,96
1,0,1,0,2084,6,256,4,256,256,2084,533504,1536,12504,1.0,96
1,0,1,0,2085,6,256,4,256,256,2085,533760,1536,12510,1.0,96
1,0,1,0,2086,6,256,4,256,256,2086,534016,1536,12516,1.0,96
1,0,1,0,2087,6,256,4,256,256,2087,534272,1536,12522,1.0,96
1,0,1,0,2088,6,256,4,256,256,2088,534528,1536,12528,1.0,96
1,0,1,0,2089,6,256,4,256,256,2089,534784,1536,12534,1.0,96
1,0,1,0,2090,6,256,4,256,256,2090,535040,1536,12540,1.0,96
1,0,1,0,2091,6,256,4,256,256,2091,535296,1536,12546,1.0,96
1,0,1,0,2092,6,256,4,256,256,2092,535552,1536,12552,1.0,96
1,0,1,0,2093,6,256,4,256,256,2093,535808,1536,12558,1.0,96
1,0,1,0,2094,6,256,4,256,256,2094,536064,1536,12564,1.0,96
1,0,1,0,2095,6,256,4,256,256,2095,536320,1536,12570,1.0,96
1,0,1,0,2096,6,256,4,256,256,2096,536576,1536,12576,1.0,96
1,0,1,0,2097,6,256,4,256,256,2097,536832,1536,12582,1.0,96
1,0,1,0,2098,6,256,4,256,256,2098,537088,1536,12588,1.0,96
1,0,1,0,2099,6,256,4,256,256,2099,537344,1536,12594,1.0,48
1,0,1,0,2100,6,256,4,256,256,2100,537600,1536,12600,1.0,48
1,0,1,0,2101,6,256,4,256,256,2101,537856,1536,12606,1.0,48
1,0,1,0,2102,6,256,4,256,256,2102,538112,1536,12612,1.0,48
1,0,1,0,2103,6,256,4,256,256,2103,538368,1536,12618,1.0,48
1,0,1,0,2104,6,256,4,256,256,2104,538624,1536,12624,1.0,48
1,0,1,0,2105,6,256,4,256,256,2105,538880,1536,12630,1.0,48
1,0,1,0,2106,6,256,4,256,256,2106,539136,1536,12636,1.0,48
1,0,1,0,2107,6,256,4,256,256,2107,539392,1536,12642,1.0,48
1,0,1,0,2108,6,256,4,256,256,2108,539648,1536,12648,1.0,48
1,0,1,0,2109,6,256,4,256,256,2109,539904,1536,12654,1.0,48
1,0,1,0,2110,6,256,4,256,256,2110,540160,1536,12660,1.0,48
1,0,1,0,2111,6,256,4,256,256,2111,540416,1536,12666,1.0,48
1,0,1,0,2112,6,256,4,256,256,2112,540672,1536,12672,1.0,48
1,0,1,0,2113,6,256,4,256,256,2113,540928,1536,12678,1.0,48
1,0,1,0,2114,6,256,4,256,256,2114,541184,1536,12684,1.0,48
1,0,1,0,2115,6,256,4,256,256,2115,541440,1536,12690,1.0,48
1,0,1,0,2116,6,256,4,256,256,2116,541696,1536,12696,1.0,48
1,0,1,0,2117,6,256,4,256,256,2117,541952,1536,12702,1.0,48
1,0,1,0,2118,6,256,4,256,256,2118,542208,1536,12708,1.0,48
1,0,1,0,2119,6,256,4,256,256,2119,542464,1536,12714,1.0,48
1,0,1,0,2120,6,256,4,256,256,2120,542720,1536,12720,1.0,48
1,0,1,0,2121,6,256,4,256,256,2121,542976,1536,12726,1.0,48
1,0,1,0,2122,6,256,4,256,256,2122,543232,1536,12732,1.0,48
1,0,1,0,2123,6,256,4,256,256,2123,543488,1536,12738,1.0,48
1,0,1,0,2124,6,256,4,256,256,2124,543744,1536,12744,1.0,48
1,0,1,0,2125,6,256,4,256,256,2125,544000,1536,12750,1.0,48
1,0,1,0,2126,6,256,4,256,256,2126,544256,1536,12756,1.0,48
1,0,1,0,2127,6,256,4,256,256,2127,544512,1536,12762,1.0,48
1,0,1,0,2128,6,256,4,256,256,2128,544768,1536,12768,1.0,48
1,0,1,0,2129,6,256,4,256,256,2129,545024,1536,12774,1.0,48
1,0,1,0,2130,6,256,4,256,256,2130,545280,1536,12780,1.0,48
1,0,1,0,2131,6,256,4,256,256,2131,545536,1536,12786,1.0,48
1,0,1,0,2132,6,256,4,256,256,2132,545792,1536,12792,1.0,48
1,0,1,0,2133,6,256,4,256,256,2133,546048,1536,12798,1.0,48
1,0,1,0,2134,6,256,4,256,256,2134,546304,1536,12804,1.0,48
1,0,1,0,2135,6,256,4,256,256,2135,546560,1536,12810,1.0,48
1,0,1,0,2136,6,256,4,256,256,2136,546816,1536,12816,1.0,48
1,0,1,0,2137,6,256,4,256,256,2137,547072,1536,12822,1.0,48
1,0,1,0,2138,6,256,4,256,256,2138,547328,1536,12828,1.0,48
1,0,1,0,2139,6,256,4,256,256,2139,547584,1536,12834,1.0,48
1,0,1,0,2140,6,256,4,256,256,2140,547840,1536,12840,1.0,48
1,1,0,0,12,12,32,8,12,32,12,384,384,144,1.0,548
1,1,0,0,12,4096,16,8,12,16,12,192,65536,49152,1.0,548
1,1,0,0,16,4,96,4096,16,96,16,1536,384,64,1.0,84
1,1,0,0,16,12,4096,8,16,4096,16,65536,49152,192,1.0,822
1,1,0,0,16,16,96,2048,16,96,16,1536,1536,256,1.0,84
1,1,0,0,16,4096,12,8,16,12,16,192,49152,65536,1.0,548
1,1,0,0,30,30,64,12,30,64,30,1920,1920,900,1.0,3828
1,1,0,0,32,12,12,8,32,12,32,384,144,384,1.0,548
1,1,0,0,32,16,16,7680,32,16,32,512,256,512,1.0,56
1,1,0,0,32,16,16,15360,32,16,32,512,256,512,1.0,168
1,1,0,0,32,16,16,30720,32,16,32,512,256,512,1.0,56
1,1,0,0,32,16,16,61440,32,16,32,512,256,512,1.0,56
1,1,0,0,32,49,49,24,32,49,32,1568,2401,1568,1.0,1012
1,1,0,0,32,49,49,48,32,49,32,1568,2401,1568,1.0,3036
1,1,0,0,32,49,49,96,32,49,32,1568,2401,1568,1.0,1012
1,1,0,0,32,49,49,192,32,49,32,1568,2401,1568,1.0,1012
1,1,0,0,32,100,100,8,32,100,32,3200,10000,3200,1.0,2369
1,1,0,0,32,100,400,8,32,400,32,12800,40000,3200,1.0,1518
1,1,0,0,32,100,625,8,32,625,32,20000,62500,3200,1.0,1104
1,1,0,0,32,256,256,48,32,256,32,8192,65536,8192,1.0,304
1,1,0,0,32,256,256,96,32,256,32,8192,65536,8192,1.0,912
1,1,0,0,32,256,256,192,32,256,32,8192,65536,8192,1.0,304
1,1,0,0,32,256,256,384,32,256,32,8192,65536,8192,1.0,304
1,1,0,0,32,256,256,768,32,256,32,8192,65536,8192,1.0,18
1,1,0,0,32,256,256,1536,32,256,32,8192,65536,8192,1.0,162
1,1,0,0,32,256,256,3072,32,256,32,8192,65536,8192,1.0,18
1,1,0,0,32,256,256,6144,32,256,32,8192,65536,8192,1.0,24
1,1,0,0,32,256,256,12288,32,256,32,8192,65536,8192,1.0,54
1,1,0,0,32,256,256,24576,32,256,32,8192,65536,8192,1.0,6
1,1,0,0,32,256,256,49152,32,256,32,8192,65536,8192,1.0,6
1,1,0,0,32,400,400,8,32,400,32,12800,160000,12800,1.0,1518
1,1,0,0,32,625,625,8,32,625,32,20000,390625,20000,1.0,1104
1,1,0,0,49,49,96,200,49,96,49,4704,4704,2401,1.0,84
1,1,0,0,64,16,96,2048,64,96,64,6144,1536,1024,1.0,84
1,1,0,0,64,30,30,12,64,30,64,1920,900,1920,1.0,3828
1,1,0,0,64,30,577,12,64,577,64,36928,17310,1920,1.0,3828
1,1,0,0,64,64,96,1024,64,96,64,6144,6144,4096,1.0,84
1,1,0,0,64,577,577,12,64,577,64,36928,332929,36928,1.0,4056
1,1,0,0,72,4096,4096,16,72,4096,72,294912,16777216,294912,1.0,216
1,1,0,0,96,4,16,4096,96,16,96,1536,64,384,1.0,84
1,1,0,0,96,16,16,2048,96,16,96,1536,256,1536,1.0,84
1,1,0,0,96,16,64,2048,96,64,96,6144,1024,1536,1.0,84
1,1,0,0,96,49,49,200,96,49,96,4704,2401,4704,1.0,84
1,1,0,0,96,49,196,200,96,196,96,18816,9604,4704,1.0,84
1,1,0,0,96,64,64,1024,96,64,96,6144,4096,6144,1.0,84
1,1,0,0,96,196,196,100,96,196,96,18816,38416,18816,1.0,588
1,1,0,0,96,4096,4096,4,96,4096,96,393216,16777216,393216,1.0,252
1,1,0,0,128,1,2880,1,128,2880,128,0,2880,128,1.0,4572
1,1,0,0,128,6,2,1,128,2,128,0,12,768,1.0,274
1,1,0,0,128,125,2880,1,128,2880,128,0,360000,16000,1.0,36
1,1,0,0,192,784,384,1,192,384,192,0,301056,150528,1.0,506
1,1,0,0,192,8192,384,1,192,384,192,0,3145728,1572864,1.0,152
1,1,0,0,192,10240,384,8,192,384,192,0,3932160,1966080,1.0,28
1,1,0,0,196,49,96,200,196,96,196,18816,4704,9604,1.0,84
1,1,0,0,196,196,96,100,196,96,196,18816,18816,38416,1.0,588
1,1,0,0,256,6,1843,4,256,1843,256,471808,11058,1536,1.0,48
1,1,0,0,256,6,1844,4,256,1844,256,472064,11064,1536,1.0,48
1,1,0,0,256,6,1845,4,256,1845,256,472320,11070,1536,1.0,48
1,1,0,0,256,6,1846,4,256,1846,256,472576,11076,1536,1.0,48
1,1,0,0,256,6,1847,4,256,1847,256,472832,11082,1536,1.0,48
1,1,0,0,256,6,1848,4,256,1848,256,473088,11088,1536,1.0,48
1,1,0,0,256,6,1849,4,256,1849,256,473344,11094,1536,1.0,48
1,1,0,0,256,6,1850,4,256,1850,256,473600,11100,1536,1.0,48
1,1,0,0,256,6,1851,4,256,1851,256,473856,11106,1536,1.0,48
1,1,0,0,256,6,1852,4,256,1852,256,474112,11112,1536,1.0,48
1,1,0,0,256,6,1853,4,256,1853,256,474368,11118,1536,1.0,48
1,1,0,0,256,6,1854,4,256,1854,256,474624,11124,1536,1.0,48
1,1,0,0,256,6,1855,4,256,1855,256,474880,11130,1536,1.0,48
1,1,0,0,256,6,1856,4,256,1856,256,475136,11136,1536,1.0,48
1,1,0,0,256,6,1857,4,256,1857,256,475392,11142,1536,1.0,48
1,1,0,0,256,6,1858,4,256,1858,256,475648,11148,1536,1.0,48
1,1,0,0,256,6,1859,4,256,1859,256,475904,11154,1536,1.0,48
1,1,0,0,256,6,1860,4,256,1860,256,476160,11160,1536,1.0,48
1,1,0,0,256,6,1861,4,256,1861,256,476416,11166,1536,1.0,48
1,1,0,0,256,6,1862,4,256,1862,256,476672,11172,1536,1.0,48
1,1,0,0,256,6,1863,4,256,1863,256,476928,11178,1536,1.0,48
1,1,0,0,256,6,1864,4,256,1864,256,477184,11184,1536,1.0,48
1,1,0,0,256,6,1865,4,256,1865,256,477440,11190,1536,1.0,48
1,1,0,0,256,6,1866,4,256,1866,256,477696,11196,1536,1.0,48
1,1,0,0,256,6,1867,4,256,1867,256,477952,11202,1536,1.0,48
1,1,0,0,256,6,1868,4,256,1868,256,478208,11208,1536,1.0,48
1,1,0,0,256,6,1869,4,256,1869,256,478464,11214,1536,1.0,48
1,1,0,0,256,6,1870,4,256,1870,256,478720,11220,1536,1.0,48
1,1,0,0,256,6,1871,4,256,1871,256,478976,11226,1536,1.0,48
1,1,0,0,256,6,1872,4,256,1872,256,479232,11232,1536,1.0,48
1,1,0,0,256,6,1873,4,256,1873,256,479488,11238,1536,1.0,48
1,1,0,0,256,6,1874,4,256,1874,256,479744,11244,1536,1.0,48
1,1,0,0,256,6,1875,4,256,1875,256,480000,11250,1536,1.0,48
1,1,0,0,256,6,1876,4,256,1876,256,480256,11256,1536,1.0,48
1,1,0,0,256,6,1877,4,256,1877,256,480512,11262,1536,1.0,48
1,1,0,0,256,6,1878,4,256,1878,256,480768,11268,1536,1.0,48
1,1,0,0,256,6,1879,4,256,1879,256,481024,11274,1536,1.0,48
1,1,0,0,256,6,1880,4,256,1880,256,481280,11280,1536,1.0,48
1,1,0,0,256,6,1881,4,256,1881,256,481536,11286,1536,1.0,48
1,1,0,0,256,6,1882,4,256,1882,256,481792,11292,1536,1.0,48
1,1,0,0,256,6,1883,4,256,1883,256,482048,11298,1536,1.0,48
1,1,0,0,256,6,1884,4,256,1884,256,482304,11304,1536,1.0,48
1,1,0,0,256,6,1885,4,256,1885,256,482560,11310,1536,1.0,96
1,1,0,0,256,6,1886,4,256,1886,256,482816,11316,1536,1.0,96
1,1,0,0,256,6,1887,4,256,1887,256,483072,11322,1536,1.0,96
1,1,0,0,256,6,1888,4,256,1888,256,483328,11328,1536,1.0,96
1,1,0,0,256,6,1889,4,256,1889,256,483584,11334,1536,1.0,96
1,1,0,0,256,6,1890,4,256,1890,256,483840,11340,1536,1.0,96
1,1,0,0,256,6,1891,4,256,1891,256,484096,11346,1536,1.0,96
1,1,0,0,256,6,1892,4,256,1892,256,484352,11352,1536,1.0,96
1,1,0,0,256,6,1893,4,256,1893,256,484608,11358,1536,1.0,96
1,1,0,0,256,6,1894,4,256,1894,256,484864,11364,1536,1.0,96
1,1,0,0,256,6,1895,4,256,1895,256,485120,11370,1536,1.0,96
1,1,0,0,256,6,1896,4,256,1896,256,485376,11376,1536,1.0,96
1,1,0,0,256,6,1897,4,256,1897,256,485632,11382,1536,1.0,96
1,1,0,0,256,6,1898,4,256,1898,256,485888,11388,1536,1.0,96
1,1,0,0,256,6,1899,4,256,1899,256,486144,11394,1536,1.0,96
1,1,0,0,256,6,1900,4,256,1900,256,486400,11400,1536,1.0,96
1,1,0,0,256,6,1901,4,256,1901,256,486656,11406,1536,1.0,96
1,1,0,0,256,6,1902,4,256,1902,256,486912,11412,1536,1.0,96
1,1,0,0,256,6,1903,4,256,1903,256,487168,11418,1536,1.0,96
1,1,0,0,256,6,1904,4,256,1904,256,487424,11424,1536,1.0,96
1,1,0,0,256,6,1905,4,256,1905,256,487680,11430,1536,1.0,96
1,1,0,0,256,6,1906,4,256,1906,256,487936,11436,1536,1.0,96
1,1,0,0,256,6,1907,4,256,1907,256,488192,11442,1536,1.0,96
1,1,0,0,256,6,1908,4,256,1908,256,488448,11448,1536,1.0,96
1,1,0,0,256,6,1909,4,256,1909,256,488704,11454,1536,1.0,96
1,1,0,0,256,6,1910,4,256,1910,256,488960,11460,1536,1.0,96
1,1,0,0,256,6,1911,4,256,1911,256,489216,11466,1536,1.0,96
1,1,0,0,256,6,1912,4,256,1912,256,489472,11472,1536,1.0,96
1,1,0,0,256,6,1913,4,256,1913,256,489728,11478,1536,1.0,96
1,1,0,0,256,6,1914,4,256,1914,256,489984,11484,1536,1.0,96
1,1,0,0,256,6,1915,4,256,1915,256,490240,11490,1536,1.0,96
1,1,0,0,256,6,1916,4,256,1916,256,490496,11496,1536,1.0,96
1,1,0,0,256,6,1917,4,256,1917,256,490752,11502,1536,1.0,96
1,1,0,0,256,6,1918,4,256,1918,256,491008,11508,1536,1.0,96
1,1,0,0,256,6,1919,4,256,1919,256,491264,11514,1536,1.0,96
1,1,0,0,256,6,1920,4,256,1920,256,491520,11520,1536,1.0,96
1,1,0,0,256,6,1921,4,256,1921,256,491776,11526,1536,1.0,96
1,1,0,0,256,6,1922,4,256,1922,256,492032,11532,1536,1.0,96
1,1,0,0,256,6,1923,4,256,1923,256,492288,11538,1536,1.0,96
1,1,0,0,256,6,1924,4,256,1924,256,492544,11544,1536,1.0,96
1,1,0,0,256,6,1925,4,256,1925,256,492800,11550,1536,1.0,96
1,1,0,0,256,6,1926,4,256,1926,256,493056,11556,1536,1.0,96
1,1,0,0,256,6,1927,4,256,1927,256,493312,11562,1536,1.0,96
1,1,0,0,256,6,1928,4,256,1928,256,493568,11568,1536,1.0,96
1,1,0,0,256,6,1929,4,256,1929,256,493824,11574,1536,1.0,96
1,1,0,0,256,6,1930,4,256,1930,256,494080,11580,1536,1.0,96
1,1,0,0,256,6,1931,4,256,1931,256,494336,11586,1536,1.0,96
1,1,0,0,256,6,1932,4,256,1932,256,494592,11592,1536,1.0,96
1,1,0,0,256,6,1933,4,256,1933,256,494848,11598,1536,1.0,96
1,1,0,0,256,6,1934,4,256,1934,256,495104,11604,1536,1.0,96
1,1,0,0,256,6,1935,4,256,1935,256,495360,11610,1536,1.0,96
1,1,0,0,256,6,1936,4,256,1936,256,495616,11616,1536,1.0,96
1,1,0,0,256,6,1937,4,256,1937,256,495872,11622,1536,1.0,96
1,1,0,0,256,6,1938,4,256,1938,256,496128,11628,1536,1.0,96
1,1,0,0,256,6,1939,4,256,1939,256,496384,11634,1536,1.0,96
1,1,0,0,256,6,1940,4,256,1940,256,496640,11640,1536,1.0,96
1,1,0,0,256,6,1941,4,256,1941,256,496896,11646,1536,1.0,96
1,1,0,0,256,6,1942,4,256,1942,256,497152,11652,1536,1.0,96
1,1,0,0,256,6,1943,4,256,1943,256,497408,11658,1536,1.0,96
1,1,0,0,256,6,1944,4,256,1944,256,497664,11664,1536,1.0,96
1,1,0,0,256,6,1945,4,256,1945,256,497920,11670,1536,1.0,96
1,1,0,0,256,6,1946,4,256,1946,256,498176,11676,1536,1.0,96
1,1,0,0,256,6,1947,4,256,1947,256,498432,11682,1536,1.0,96
1,1,0,0,256,6,1948,4,256,1948,256,498688,11688,1536,1.0,96
1,1,0,0,256,6,1949,4,256,1949,256,498944,11694,1536,1.0,96
1,1,0,0,256,6,1950,4,256,1950,256,499200,11700,1536,1.0,96
1,1,0,0,256,6,1951,4,256,1951,256,499456,11706,1536,1.0,96
1,1,0,0,256,6,1952,4,256,1952,256,499712,11712,1536,1.0,96
1,1,0,0,256,6,1953,4,256,1953,256,499968,11718,1536,1.0,96
1,1,0,0,256,6,1954,4,256,1954,256,500224,11724,1536,1.0,96
1,1,0,0,256,6,1955,4,256,1955,256,500480,11730,1536,1.0,96
1,1,0,0,256,6,1956,4,256,1956,256,500736,11736,1536,1.0,96
1,1,0,0,256,6,1957,4,256,1957,256,500992,11742,1536,1.0,96
1,1,0,0,256,6,1958,4,256,1958,256,501248,11748,1536,1.0,96
1,1,0,0,256,6,1959,4,256,1959,256,501504,11754,1536,1.0,96
1,1,0,0,256,6,1960,4,256,1960,256,501760,11760,1536,1.0,96
1,1,0,0,256,6,1961,4,256,1961,256,502016,11766,1536,1.0,96
1,1,0,0,256,6,1962,4,256,1962,256,502272,11772,1536,1.0,96
1,1,0,0,256,6,1963,4,256,1963,256,502528,11778,1536,1.0,96
1,1,0,0,256,6,1964,4,256,1964,256,502784,11784,1536,1.0,96
1,1,0,0,256,6,1965,4,256,1965,256,503040,11790,1536,1.0,96
1,1,0,0,256,6,1966,4,256,1966,256,503296,11796,1536,1.0,96
1,1,0,0,256,6,1967,4,256,1967,256,503552,11802,1536,1.0,96
1,1,0,0,256,6,1968,4,256,1968,256,503808,11808,1536,1.0,96
1,1,0,0,256,6,1969,4,256,1969,256,504064,11814,1536,1.0,96
1,1,0,0,256,6,1970,4,256,1970,256,504320,11820,1536,1.0,48
1,1,0,0,256,6,1971,4,256,1971,256,504576,11826,1536,1.0,48
1,1,0,0,256,6,1972,4,256,1972,256,504832,11832,1536,1.0,96
1,1,0,0,256,6,1973,4,256,1973,256,505088,11838,1536,1.0,96
1,1,0,0,256,6,1974,4,256,1974,256,505344,11844,1536,1.0,96
1,1,0,0,256,6,1975,4,256,1975,256,505600,11850,1536,1.0,96
1,1,0,0,256,6,1976,4,256,1976,256,505856,11856,1536,1.0,96
1,1,0,0,256,6,1977,4,256,1977,256,506112,11862,1536,1.0,96
1,1,0,0,256,6,1978,4,256,1978,256,506368,11868,1536,1.0,96
1,1,0,0,256,6,1979,4,256,1979,256,506624,11874,1536,1.0,96
1,1,0,0,256,6,1980,4,256,1980,256,506880,11880,1536,1.0,96
1,1,0,0,256,6,1981,4,256,1981,256,507136,11886,1536,1.0,96
1,1,0,0,256,6,1982,4,256,1982,256,507392,11892,1536,1.0,96
1,1,0,0,256,6,1983,4,256,1983,256,507648,11898,1536,1.0,96
1,1,0,0,256,6,1984,4,256,1984,256,507904,11904,1536,1.0,96
1,1,0,0,256,6,1985,4,256,1985,256,508160,11910,1536,1.0,96
1,1,0,0,256,6,1986,4,256,1986,256,508416,11916,1536,1.0,96
1,1,0,0,256,6,1987,4,256,1987,256,508672,11922,1536,1.0,96
1,1,0,0,256,6,1988,4,256,1988,256,508928,11928,1536,1.0,96
1,1,0,0,256,6,1989,4,256,1989,256,509184,11934,1536,1.0,96
1,1,0,0,256,6,1990,4,256,1990,256,509440,11940,1536,1.0,96
1,1,0,0,256,6,1991,4,256,1991,256,509696,11946,1536,1.0,96
1,1,0,0,256,6,1992,4,256,1992,256,509952,11952,1536,1.0,96
1,1,0,0,256,6,1993,4,256,1993,256,510208,11958,1536,1.0,96
1,1,0,0,256,6,1994,4,256,1994,256,510464,11964,1536,1.0,96
1,1,0,0,256,6,1995,4,256,1995,256,510720,11970,1536,1.0,96
1,1,0,0,256,6,1996,4,256,1996,256,510976,11976,1536,1.0,96
1,1,0,0,256,6,1997,4,256,1997,256,511232,11982,1536,1.0,96
1,1,0,0,256,6,1998,4,256,1998,256,511488,11988,1536,1.0,96
1,1,0,0,256,6,1999,4,256,1999,256,511744,11994,1536,1.0,96
1,1,0,0,256,6,2000,4,256,2000,256,512000,12000,1536,1.0,96
1,1,0,0,256,6,2001,4,256,2001,256,512256,12006,1536,1.0,96
1,1,0,0,256,6,2002,4,256,2002,256,512512,12012,1536,1.0,96
1,1,0,0,256,6,2003,4,256,2003,256,512768,12018,1536,1.0,96
1,1,0,0,256,6,2004,4,256,2004,256,513024,12024,1536,1.0,96
1,1,0,0,256,6,2005,4,256,2005,256,513280,12030,1536,1.0,96
1,1,0,0,256,6,2006,4,256,2006,256,513536,12036,1536,1.0,96
1,1,0,0,256,6,2007,4,256,2007,256,513792,12042,1536,1.0,96
1,1,0,0,256,6,2008,4,256,2008,256,514048,12048,1536,1.0,96
1,1,0,0,256,6,2009,4,256,2009,256,514304,12054,1536,1.0,96
1,1,0,0,256,6,2010,4,256,2010,256,514560,12060,1536,1.0,96
1,1,0,0,256,6,2011,4,256,2011,256,514816,12066,1536,1.0,96
1,1,0,0,256,6,2012,4,256,2012,256,515072,12072,1536,1.0,48
1,1,0,0,256,6,2013,4,256,2013,256,515328,12078,1536,1.0,48
1,1,0,0,256,6,2014,4,256,2014,256,515584,12084,1536,1.0,96
1,1,0,0,256,6,2015,4,256,2015,256,515840,12090,1536,1.0,96
1,1,0,0,256,6,2016,4,256,2016,256,516096,12096,1536,1.0,96
1,1,0,0,256,6,2017,4,256,2017,256,516352,12102,1536,1.0,96
1,1,0,0,256,6,2018,4,256,2018,256,516608,12108,1536,1.0,96
1,1,0,0,256,6,2019,4,256,2019,256,516864,12114,1536,1.0,96
1,1,0,0,256,6,2020,4,256,2020,256,517120,12120,1536,1.0,96
1,1,0,0,256,6,2021,4,256,2021,256,517376,12126,1536,1.0,96
1,1,0,0,256,6,2022,4,256,2022,256,517632,12132,1536,1.0,96
1,1,0,0,256,6,2023,4,256,2023,256,517888,12138,1536,1.0,96
1,1,0,0,256,6,2024,4,256,2024,256,518144,12144,1536,1.0,96
1,1,0,0,256,6,2025,4,256,2025,256,518400,12150,1536,1.0,96
1,1,0,0,256,6,2026,4,256,2026,256,518656,12156,1536,1.0,96
1,1,0,0,256,6,2027,4,256,2027,256,518912,12162,1536,1.0,96
1,1,0,0,256,6,2028,4,256,2028,256,519168,12168,1536,1.0,96
1,1,0,0,256,6,2029,4,256,2029,256,519424,12174,1536,1.0,96
1,1,0,0,256,6,2030,4,256,2030,256,519680,12180,1536,1.0,96
1,1,0,0,256,6,2031,4,256,2031,256,519936,12186,1536,1.0,96
1,1,0,0,256,6,2032,4,256,2032,256,520192,12192,1536,1.0,96
1,1,0,0,256,6,2033,4,256,2033,256,520448,12198,1536,1.0,96
1,1,0,0,256,6,2034,4,256,2034,256,520704,12204,1536,1.0,96
1,1,0,0,256,6,2035,4,256,2035,256,520960,12210,1536,1.0,96
1,1,0,0,256,6,2036,4,256,2036,256,521216,12216,1536,1.0,96
1,1,0,0,256,6,2037,4,256,2037,256,521472,12222,1536,1.0,96
1,1,0,0,256,6,2038,4,256,2038,256,521728,12228,1536,1.0,96
1,1,0,0,256,6,2039,4,256,2039,256,521984,12234,1536,1.0,96
1,1,0,0,256,6,2040,4,256,2040,256,522240,12240,1536,1.0,96
1,1,0,0,256,6,2041,4,256,2041,256,522496,12246,1536,1.0,96
1,1,0,0,256,6,2042,4,256,2042,256,522752,12252,1536,1.0,96
1,1,0,0,256,6,2043,4,256,2043,256,523008,12258,1536,1.0,96
1,1,0,0,256,6,2044,4,256,2044,256,523264,12264,1536,1.0,96
1,1,0,0,256,6,2045,4,256,2045,256,523520,12270,1536,1.0,96
1,1,0,0,256,6,2046,4,256,2046,256,523776,12276,1536,1.0,96
1,1,0,0,256,6,2047,4,256,2047,256,524032,12282,1536,1.0,96
1,1,0,0,256,6,2048,4,256,2048,256,524288,12288,1536,1.0,96
1,1,0,0,256,6,2049,4,256,2049,256,524544,12294,1536,1.0,96
1,1,0,0,256,6,2050,4,256,2050,256,524800,12300,1536,1.0,96
1,1,0,0,256,6,2051,4,256,2051,256,525056,12306,1536,1.0,96
1,1,0,0,256,6,2052,4,256,2052,256,525312,12312,1536,1.0,96
1,1,0,0,256,6,2053,4,256,2053,256,525568,12318,1536,1.0,96
1,1,0,0,256,6,2054,4,256,2054,256,525824,12324,1536,1.0,96
1,1,0,0,256,6,2055,4,256,2055,256,526080,12330,1536,1.0,96
1,1,0,0,256,6,2056,4,256,2056,256,526336,12336,1536,1.0,96
1,1,0,0,256,6,2057,4,256,2057,256,526592,12342,1536,1.0,96
1,1,0,0,256,6,2058,4,256,2058,256,526848,12348,1536,1.0,96
1,1,0,0,256,6,2059,4,256,2059,256,527104,12354,1536,1.0,96
1,1,0,0,256,6,2060,4,256,2060,256,527360,12360,1536,1.0,96
1,1,0,0,256,6,2061,4,256,2061,256,527616,12366,1536,1.0,96
1,1,0,0,256,6,2062,4,256,2062,256,527872,12372,1536,1.0,96
1,1,0,0,256,6,2063,4,256,2063,256,528128,12378,1536,1.0,96
1,1,0,0,256,6,2064,4,256,2064,256,528384,12384,1536,1.0,96
1,1,0,0,256,6,2065,4,256,2065,256,528640,12390,1536,1.0,96
1,1,0,0,256,6,2066,4,256,2066,256,528896,12396,1536,1.0,96
1,1,0,0,256,6,2067,4,256,2067,256,529152,12402,1536,1.0,96
1,1,0,0,256,6,2068,4,256,2068,256,529408,12408,1536,1.0,96
1,1,0,0,256,6,2069,4,256,2069,256,529664,12414,1536,1.0,96
1,1,0,0,256,6,2070,4,256,2070,256,529920,12420,1536,1.0,96
1,1,0,0,256,6,2071,4,256,2071,256,530176,12426,1536,1.0,96
1,1,0,0,256,6,2072,4,256,2072,256,530432,12432,1536,1.0,96
1,1,0,0,256,6,2073,4,256,2073,256,530688,12438,1536,1.0,96
1,1,0,0,256,6,2074,4,256,2074,256,530944,12444,1536,1.0,96
1,1,0,0,256,6,2075,4,256,2075,256,531200,12450,1536,1.0,96
1,1,0,0,256,6,2076,4,256,2076,256,531456,12456,1536,1.0,96
1,1,0,0,256,6,2077,4,256,2077,256,531712,12462,1536,1.0,96
1,1,0,0,256,6,2078,4,256,2078,256,531968,12468,1536,1.0,96
1,1,0,0,256,6,2079,4,256,2079,256,532224,12474,1536,1.0,96
1,1,0,0,256,6,2080,4,256,2080,256,532480,12480,1536,1.0,96
1,1,0,0,256,6,2081,4,256,2081,256,532736,12486,1536,1.0,96
1,1,0,0,256,6,2082,4,256,2082,256,532992,12492,1536,1.0,96
1,1,0,0,256,6,2083,4,256,2083,256,533248,12498,1536,1.0,96
1,1,0,0,256,6,2084,4,256,2084,256,533504,12504,1536,1.0,96
1,1,0,0,256,6,2085,4,256,2085,256,533760,12510,1536,1.0,96
1,1,0,0,256,6,2086,4,256,2086,256,534016,12516,1536,1.0,96
1,1,0,0,256,6,2087,4,256,2087,256,534272,12522,1536,1.0,96
1,1,0,0,256,6,2088,4,256,2088,256,534528,12528,1536,1.0,96
1,1,0,0,256,6,2089,4,256,2089,256,534784,12534,1536,1.0,96
1,1,0,0,256,6,2090,4,256,2090,256,535040,12540,1536,1.0,96
1,1,0,0,256,6,2091,4,256,2091,256,535296,12546,1536,1.0,96
1,1,0,0,256,6,2092,4,256,2092,256,535552,12552,1536,1.0,96
1,1,0,0,256,6,2093,4,256,2093,256,535808,12558,1536,1.0,96
1,1,0,0,256,6,2094,4,256,2094,256,536064,12564,1536,1.0,96
1,1,0,0,256,6,2095,4,256,2095,256,536320,12570,1536,1.0,96
1,1,0,0,256,6,2096,4,256,2096,256,536576,12576,1536,1.0,96
1,1,0,0,256,6,2097,4,256,2097,256,536832,12582,1536,1.0,96
1,1,0,0,256,6,2098,4,256,2098,256,537088,12588,1536,1.0,96
1,1,0,0,256,6,2099,4,256,2099,256,537344,12594,1536,1.0,48
1,1,0,0,256,6,2100,4,256,2100,256,537600,12600,1536,1.0,48
1,1,0,0,256,6,2101,4,256,2101,256,537856,12606,1536,1.0,48
1,1,0,0,256,6,2102,4,256,2102,256,538112,12612,1536,1.0,48
1,1,0,0,256,6,2103,4,256,2103,256,538368,12618,1536,1.0,48
1,1,0,0,256,6,2104,4,256,2104,256,538624,12624,1536,1.0,48
1,1,0,0,256,6,2105,4,256,2105,256,538880,12630,1536,1.0,48
1,1,0,0,256,6,2106,4,256,2106,256,539136,12636,1536,1.0,48
1,1,0,0,256,6,2107,4,256,2107,256,539392,12642,1536,1.0,48
1,1,0,0,256,6,2108,4,256,2108,256,539648,12648,1536,1.0,48
1,1,0,0,256,6,2109,4,256,2109,256,539904,12654,1536,1.0,48
1,1,0,0,256,6,2110,4,256,2110,256,540160,12660,1536,1.0,48
1,1,0,0,256,6,2111,4,256,2111,256,540416,12666,1536,1.0,48
1,1,0,0,256,6,2112,4,256,2112,256,540672,12672,1536,1.0,48
1,1,0,0,256,6,2113,4,256,2113,256,540928,12678,1536,1.0,48
1,1,0,0,256,6,2114,4,256,2114,256,541184,12684,1536,1.0,48
1,1,0,0,256,6,2115,4,256,2115,256,541440,12690,1536,1.0,48
1,1,0,0,256,6,2116,4,256,2116,256,541696,12696,1536,1.0,48
1,1,0,0,256,6,2117,4,256,2117,256,541952,12702,1536,1.0,48
1,1,0,0,256,6,2118,4,256,2118,256,542208,12708,1536,1.0,48
1,1,0,0,256,6,2119,4,256,2119,256,542464,12714,1536,1.0,48
1,1,0,0,256,6,2120,4,256,2120,256,542720,12720,1536,1.0,48
1,1,0,0,256,6,2121,4,256,2121,256,542976,12726,1536,1.0,48
1,1,0,0,256,6,2122,4,256,2122,256,543232,12732,1536,1.0,48
1,1,0,0,256,6,2123,4,256,2123,256,543488,12738,1536,1.0,48
1,1,0,0,256,6,2124,4,256,2124,256,543744,12744,1536,1.0,48
1,1,0,0,256,6,2125,4,256,2125,256,544000,12750,1536,1.0,48
1,1,0,0,256,6,2126,4,256,2126,256,544256,12756,1536,1.0,48
1,1,0,0,256,6,2127,4,256,2127,256,544512,12762,1536,1.0,48
1,1,0,0,256,6,2128,4,256,2128,256,544768,12768,1536,1.0,48
1,1,0,0,256,6,2129,4,256,2129,256,545024,12774,1536,1.0,48
1,1,0,0,256,6,2130,4,256,2130,256,545280,12780,1536,1.0,48
1,1,0,0,256,6,2131,4,256,2131,256,545536,12786,1536,1.0,48
1,1,0,0,256,6,2132,4,256,2132,256,545792,12792,1536,1.0,48
1,1,0,0,256,6,2133,4,256,2133,256,546048,12798,1536,1.0,48
1,1,0,0,256,6,2134,4,256,2134,256,546304,12804,1536,1.0,48
1,1,0,0,256,6,2135,4,256,2135,256,546560,12810,1536,1.0,48
1,1,0,0,256,6,2136,4,256,2136,256,546816,12816,1536,1.0,48
1,1,0,0,256,6,2137,4,256,2137,256,547072,12822,1536,1.0,48
1,1,0,0,256,6,2138,4,256,2138,256,547328,12828,1536,1.0,48
1,1,0,0,256,6,2139,4,256,2139,256,547584,12834,1536,1.0,48
1,1,0,0,256,6,2140,4,256,2140,256,547840,12840,1536,1.0,48
1,1,0,0,256,274,274,8,256,274,256,70144,75076,70144,1.0,116
1,1,0,0,256,392,392,8,256,392,256,100352,153664,100352,1.0,116
1,1,0,0,256,98304,512,1,256,512,256,0,50331648,25165824,1.0,9
1,1,0,0,256,98304,512,8,256,512,256,0,50331648,25165824,1.0,3
1,1,0,0,384,1,384,1,384,384,384,0,384,384,1.0,92
1,1,0,0,384,4,384,1,384,384,384,0,1536,1536,1.0,4
1,1,0,0,384,196,768,1,384,768,384,0,150528,75264,1.0,506
1,1,0,0,384,1500,384,1,384,384,384,0,576000,576000,1.0,4
1,1,0,0,384,2048,768,1,384,768,384,0,1572864,786432,1.0,152
1,1,0,0,384,2560,768,8,384,768,384,0,1966080,983040,1.0,28
1,1,0,0,512,1,512,1,512,512,512,0,512,512,1.0,150
1,1,0,0,512,4,512,1,512,512,512,0,2048,2048,1.0,6
1,1,0,0,512,1500,512,1,512,512,512,0,768000,768000,1.0,6
1,1,0,0,512,24576,1024,1,512,1024,512,0,25165824,12582912,1.0,9
1,1,0,0,512,24576,1024,8,512,1024,512,0,25165824,12582912,1.0,3
1,1,0,0,577,30,64,12,577,64,577,36928,1920,17310,1.0,3828
1,1,0,0,768,1,768,1,768,768,768,0,768,768,1.0,300
1,1,0,0,768,4,768,1,768,768,768,0,3072,3072,1.0,12
1,1,0,0,768,30,768,1,768,768,768,0,23040,23040,1.0,15312
1,1,0,0,768,49,1536,1,768,1536,768,0,75264,37632,1.0,506
1,1,0,0,768,512,1536,1,768,1536,768,0,786432,393216,1.0,152
1,1,0,0,768,640,1536,8,768,1536,768,0,983040,491520,1.0,28
1,1,0,0,768,1500,768,1,768,768,768,0,1152000,1152000,1.0,12
1,1,0,0,1024,1,1024,1,1024,1024,1024,0,1024,1024,1.0,624
1,1,0,0,1024,4,1024,1,1024,1024,1024,0,4096,4096,1.0,24
1,1,0,0,1024,1500,1024,1,1024,1024,1024,0,1536000,1536000,1.0,24
1,1,0,0,1024,6144,2048,1,1024,2048,1024,0,12582912,6291456,1.0,9
1,1,0,0,1024,6144,2048,8,1024,2048,1024,0,12582912,6291456,1.0,3
1,1,0,0,1152,1500,384,1,1152,384,1152,0,576000,1728000,1.0,4
1,1,0,0,1152,4096,1152,1,1152,1152,1152,0,4718592,4718592,1.0,864
1,1,0,0,1152,4096,4304,1,1152,4304,1152,0,17629184,4718592,1.0,216
1,1,0,0,1280,1,1280,1,1280,1280,1280,0,1280,1280,1.0,904
1,1,0,0,1280,4,1280,1,1280,1280,1280,0,5120,5120,1.0,36
1,1,0,0,1280,1500,1280,1,1280,1280,1280,0,1920000,1920000,1.0,36
1,1,0,0,1536,1500,512,1,1536,512,1536,0,768000,2304000,1.0,6
1,1,0,0,2304,1500,768,1,2304,768,2304,0,1152000,3456000,1.0,12
1,1,0,0,2560,256,1152,1,2560,1152,2560,0,294912,655360,1.0,8
1,1,0,0,3072,1500,1024,1,3072,1024,3072,0,1536000,4608000,1.0,24
1,1,0,0,3840,1500,1280,1,3840,1280,3840,0,1920000,5760000,1.0,64
1,1,0,0,4096,12,16,8,4096,16,4096,65536,192,49152,1.0,822
1,1,0,0,4096,4096,72,16,4096,72,4096,294912,294912,16777216,1.0,216
1,1,0,0,4096,4096,96,4,4096,96,4096,393216,393216,16777216,1.0,252
1,1,0,0,4304,4096,1152,1,4304,1152,4304,0,4718592,17629184,1.0,216
1,1,0,0,51865,1,384,1,51865,384,51865,0,384,51865,1.0,23
1,1,0,0,51865,1,512,1,51865,512,51865,0,512,51865,1.0,25
1,1,0,0,51865,1,768,1,51865,768,51865,0,768,51865,1.0,25
1,1,0,0,51865,1,1024,1,51865,1024,51865,0,1024,51865,1.0,26
1,1,0,0,51865,4,384,1,51865,384,51865,0,1536,207460,1.0,1
1,1,0,0,51865,4,512,1,51865,512,51865,0,2048,207460,1.0,1
1,1,0,0,51865,4,768,1,51865,768,51865,0,3072,207460,1.0,1
1,1,0,0,51865,4,1024,1,51865,1024,51865,0,4096,207460,1.0,1
1,1,0,0,51866,1,1280,1,51866,1280,51866,0,1280,51866,1.0,51
1,1,0,0,51866,4,1280,1,51866,1280,51866,0,5120,207464,1.0,2
1,1,0,0,65536,4,32,1,65536,32,65536,0,128,262144,1.0,274
1,1,0,0,201088,1,2880,1,201088,2880,201088,0,2880,201088,1.0,128
1,1,0,1,4,100,256,1,4,256,4,0,0,0,1.0,437
1,1,0,1,92,100,256,1,92,256,92,0,0,0,1.0,437
1,1,0,1,96,3136,96,1,96,96,96,0,0,0,1.0,1012
1,1,0,1,96,3136,384,1,96,384,96,0,0,0,1.0,1012
1,1,0,1,96,32768,96,1,96,96,96,0,0,0,1.0,304
1,1,0,1,96,32768,384,1,96,384,96,0,0,0,1.0,304
1,1,0,1,96,100352,384,1,96,384,96,0,0,0,1.0,258
1,1,0,1,96,327680,96,1,96,96,96,0,0,0,1.0,56
1,1,0,1,96,327680,384,1,96,384,96,0,0,0,1.0,56
1,1,0,1,128,393216,128,1,128,128,128,0,0,0,1.0,18
1,1,0,1,128,393216,512,1,128,512,128,0,0,0,1.0,18
1,1,0,1,128,3145728,128,1,128,128,128,0,0,0,1.0,6
1,1,0,1,128,3145728,512,1,128,512,128,0,0,0,1.0,6
1,1,0,1,192,784,192,1,192,192,192,0,0,0,1.0,1012
1,1,0,1,192,784,768,1,192,768,192,0,0,0,1.0,1012
1,1,0,1,192,8192,192,1,192,192,192,0,0,0,1.0,304
1,1,0,1,192,8192,768,1,192,768,192,0,0,0,1.0,304
1,1,0,1,192,25088,768,1,192,768,192,0,0,0,1.0,258
1,1,0,1,192,81920,192,1,192,192,192,0,0,0,1.0,56
1,1,0,1,192,81920,768,1,192,768,192,0,0,0,1.0,56
1,1,0,1,256,100,256,1,256,256,256,0,0,0,1.0,15341
1,1,0,1,256,100,2048,1,256,2048,256,0,0,0,1.0,2622
1,1,0,1,256,400,256,1,256,256,256,0,0,0,1.0,9108
1,1,0,1,256,400,2048,1,256,2048,256,0,0,0,1.0,1518
1,1,0,1,256,625,256,1,256,256,256,0,0,0,1.0,6624
1,1,0,1,256,625,2048,1,256,2048,256,0,0,0,1.0,1104
1,1,0,1,256,98304,256,1,256,256,256,0,0,0,1.0,18
1,1,0,1,256,98304,1024,1,256,1024,256,0,0,0,1.0,18
1,1,0,1,256,786432,256,1,256,256,256,0,0,0,1.0,6
1,1,0,1,256,786432,1024,1,256,1024,256,0,0,0,1.0,6
1,1,0,1,288,3136,96,1,288,96,288,0,0,0,1.0,1012
1,1,0,1,288,32768,96,1,288,96,288,0,0,0,1.0,304
1,1,0,1,288,327680,96,1,288,96,288,0,0,0,1.0,56
1,1,0,1,384,1,384,1,384,384,384,0,0,0,1.0,460
1,1,0,1,384,1,1536,1,384,1536,384,0,0,0,1.0,92
1,1,0,1,384,4,384,1,384,384,384,0,0,0,1.0,20
1,1,0,1,384,4,1536,1,384,1536,384,0,0,0,1.0,4
1,1,0,1,384,196,384,1,384,384,384,0,0,0,1.0,3036
1,1,0,1,384,196,1536,1,384,1536,384,0,0,0,1.0,3036
1,1,0,1,384,1500,384,1,384,384,384,0,0,0,1.0,8
1,1,0,1,384,1500,1536,1,384,1536,384,0,0,0,1.0,4
1,1,0,1,384,2048,384,1,384,384,384,0,0,0,1.0,912
1,1,0,1,384,2048,1536,1,384,1536,384,0,0,0,1.0,912
1,1,0,1,384,3136,96,1,384,96,384,0,0,0,1.0,1012
1,1,0,1,384,6272,1536,1,384,1536,384,0,0,0,1.0,774
1,1,0,1,384,20480,384,1,384,384,384,0,0,0,1.0,168
1,1,0,1,384,20480,1536,1,384,1536,384,0,0,0,1.0,168
1,1,0,1,384,32768,96,1,384,96,384,0,0,0,1.0,304
1,1,0,1,384,100352,96,1,384,96,384,0,0,0,1.0,258
1,1,0,1,384,327680,96,1,384,96,384,0,0,0,1.0,56
1,1,0,1,384,393216,128,1,384,128,384,0,0,0,1.0,18
1,1,0,1,384,3145728,128,1,384,128,384,0,0,0,1.0,6
1,1,0,1,512,1,512,1,512,512,512,0,0,0,1.0,750
1,1,0,1,512,1,2048,1,512,2048,512,0,0,0,1.0,150
1,1,0,1,512,4,512,1,512,512,512,0,0,0,1.0,30
1,1,0,1,512,4,2048,1,512,2048,512,0,0,0,1.0,6
1,1,0,1,512,1500,512,1,512,512,512,0,0,0,1.0,12
1,1,0,1,512,1500,2048,1,512,2048,512,0,0,0,1.0,6
1,1,0,1,512,24576,512,1,512,512,512,0,0,0,1.0,162
1,1,0,1,512,24576,2048,1,512,2048,512,0,0,0,1.0,162
1,1,0,1,512,196608,512,1,512,512,512,0,0,0,1.0,54
1,1,0,1,512,196608,2048,1,512,2048,512,0,0,0,1.0,54
1,1,0,1,512,393216,128,1,512,128,512,0,0,0,1.0,18
1,1,0,1,512,3145728,128,1,512,128,512,0,0,0,1.0,6
1,1,0,1,576,784,192,1,576,192,576,0,0,0,1.0,1012
1,1,0,1,576,8192,192,1,576,192,576,0,0,0,1.0,304
1,1,0,1,576,81920,192,1,576,192,576,0,0,0,1.0,56
1,1,0,1,768,1,768,1,768,768,768,0,0,0,1.0,1500
1,1,0,1,768,1,3072,1,768,3072,768,0,0,0,1.0,300
1,1,0,1,768,4,768,1,768,768,768,0,0,0,1.0,60
1,1,0,1,768,4,3072,1,768,3072,768,0,0,0,1.0,12
1,1,0,1,768,30,768,1,768,768,768,0,0,0,1.0,7975
1,1,0,1,768,30,3072,1,768,3072,768,0,0,0,1.0,3828
1,1,0,1,768,49,768,1,768,768,768,0,0,0,1.0,1012
1,1,0,1,768,49,3072,1,768,3072,768,0,0,0,1.0,1012
1,1,0,1,768,512,768,1,768,768,768,0,0,0,1.0,304
1,1,0,1,768,512,3072,1,768,3072,768,0,0,0,1.0,304
1,1,0,1,768,577,768,1,768,768,768,0,0,0,1.0,11712
1,1,0,1,768,577,3072,1,768,3072,768,0,0,0,1.0,4056
1,1,0,1,768,784,192,1,768,192,768,0,0,0,1.0,1012
1,1,0,1,768,1500,768,1,768,768,768,0,0,0,1.0,24
1,1,0,1,768,1500,3072,1,768,3072,768,0,0,0,1.0,12
1,1,0,1,768,1568,3072,1,768,3072,768,0,0,0,1.0,258
1,1,0,1,768,5120,768,1,768,768,768,0,0,0,1.0,56
1,1,0,1,768,5120,3072,1,768,3072,768,0,0,0,1.0,56
1,1,0,1,768,8192,192,1,768,192,768,0,0,0,1.0,304
1,1,0,1,768,25088,192,1,768,192,768,0,0,0,1.0,258
1,1,0,1,768,81920,192,1,768,192,768,0,0,0,1.0,56
1,1,0,1,768,98304,256,1,768,256,768,0,0,0,1.0,18
1,1,0,1,768,786432,256,1,768,256,768,0,0,0,1.0,6
1,1,0,1,1024,1,1024,1,1024,1024,1024,0,0,0,1.0,3120
1,1,0,1,1024,1,4096,1,1024,4096,1024,0,0,0,1.0,624
1,1,0,1,1024,4,1024,1,1024,1024,1024,0,0,0,1.0,120
1,1,0,1,1024,4,4096,1,1024,4096,1024,0,0,0,1.0,24
1,1,0,1,1024,1500,1024,1,1024,1024,1024,0,0,0,1.0,48
1,1,0,1,1024,1500,4096,1,1024,4096,1024,0,0,0,1.0,24
1,1,0,1,1024,6144,1024,1,1024,1024,1024,0,0,0,1.0,18
1,1,0,1,1024,6144,4096,1,1024,4096,1024,0,0,0,1.0,18
1,1,0,1,1024,49152,1024,1,1024,1024,1024,0,0,0,1.0,6
1,1,0,1,1024,49152,4096,1,1024,4096,1024,0,0,0,1.0,6
1,1,0,1,1024,98304,256,1,1024,256,1024,0,0,0,1.0,18
1,1,0,1,1024,786432,256,1,1024,256,1024,0,0,0,1.0,6
1,1,0,1,1152,196,384,1,1152,384,1152,0,0,0,1.0,3036
1,1,0,1,1152,2048,384,1,1152,384,1152,0,0,0,1.0,912
1,1,0,1,1152,7296,1152,1,1152,1152,1152,0,0,0,1.0,324
1,1,0,1,1152,7296,4304,1,1152,4304,1152,0,0,0,1.0,324
1,1,0,1,1152,20480,384,1,1152,384,1152,0,0,0,1.0,168
1,1,0,1,1280,1,1280,1,1280,1280,1280,0,0,0,1.0,4520
1,1,0,1,1280,1,5120,1,1280,5120,1280,0,0,0,1.0,904
1,1,0,1,1280,4,1280,1,1280,1280,1280,0,0,0,1.0,180
1,1,0,1,1280,4,5120,1,1280,5120,1280,0,0,0,1.0,36
1,1,0,1,1280,1500,1280,1,1280,1280,1280,0,0,0,1.0,100
1,1,0,1,1280,1500,5120,1,1280,5120,1280,0,0,0,1.0,64
1,1,0,1,1536,1,384,1,1536,384,1536,0,0,0,1.0,92
1,1,0,1,1536,4,384,1,1536,384,1536,0,0,0,1.0,4
1,1,0,1,1536,196,384,1,1536,384,1536,0,0,0,1.0,3036
1,1,0,1,1536,1500,384,1,1536,384,1536,0,0,0,1.0,4
1,1,0,1,1536,2048,384,1,1536,384,1536,0,0,0,1.0,912
1,1,0,1,1536,6272,384,1,1536,384,1536,0,0,0,1.0,774
1,1,0,1,1536,20480,384,1,1536,384,1536,0,0,0,1.0,168
1,1,0,1,1536,24576,512,1,1536,512,1536,0,0,0,1.0,162
1,1,0,1,1536,196608,512,1,1536,512,1536,0,0,0,1.0,54
1,1,0,1,2048,1,512,1,2048,512,2048,0,0,0,1.0,150
1,1,0,1,2048,4,512,1,2048,512,2048,0,0,0,1.0,6
1,1,0,1,2048,100,256,1,2048,256,2048,0,0,0,1.0,2622
1,1,0,1,2048,400,256,1,2048,256,2048,0,0,0,1.0,1518
1,1,0,1,2048,625,256,1,2048,256,2048,0,0,0,1.0,1104
1,1,0,1,2048,1500,512,1,2048,512,2048,0,0,0,1.0,6
1,1,0,1,2048,1824,4608,1,2048,4608,2048,0,0,0,1.0,12
1,1,0,1,2048,24576,512,1,2048,512,2048,0,0,0,1.0,162
1,1,0,1,2048,196608,512,1,2048,512,2048,0,0,0,1.0,54
1,1,0,1,2304,49,768,1,2304,768,2304,0,0,0,1.0,1012
1,1,0,1,2304,512,768,1,2304,768,2304,0,0,0,1.0,304
1,1,0,1,2304,577,768,1,2304,768,2304,0,0,0,1.0,4056
1,1,0,1,2304,5120,768,1,2304,768,2304,0,0,0,1.0,56
1,1,0,1,3072,1,768,1,3072,768,3072,0,0,0,1.0,300
1,1,0,1,3072,4,768,1,3072,768,3072,0,0,0,1.0,12
1,1,0,1,3072,30,768,1,3072,768,3072,0,0,0,1.0,3828
1,1,0,1,3072,49,768,1,3072,768,3072,0,0,0,1.0,1012
1,1,0,1,3072,512,768,1,3072,768,3072,0,0,0,1.0,304
1,1,0,1,3072,577,768,1,3072,768,3072,0,0,0,1.0,4056
1,1,0,1,3072,1500,768,1,3072,768,3072,0,0,0,1.0,12
1,1,0,1,3072,1568,768,1,3072,768,3072,0,0,0,1.0,258
1,1,0,1,3072,5120,768,1,3072,768,3072,0,0,0,1.0,56
1,1,0,1,3072,6144,1024,1,3072,1024,3072,0,0,0,1.0,18
1,1,0,1,3072,49152,1024,1,3072,1024,3072,0,0,0,1.0,6
1,1,0,1,3456,7296,1152,1,3456,1152,3456,0,0,0,1.0,324
1,1,0,1,4096,1,1024,1,4096,1024,4096,0,0,0,1.0,624
1,1,0,1,4096,4,1024,1,4096,1024,4096,0,0,0,1.0,24
1,1,0,1,4096,1500,1024,1,4096,1024,4096,0,0,0,1.0,24
1,1,0,1,4096,6144,1024,1,4096,1024,4096,0,0,0,1.0,18
1,1,0,1,4096,49152,1024,1,4096,1024,4096,0,0,0,1.0,6
1,1,0,1,4304,7296,1152,1,4304,1152,4304,0,0,0,1.0,324
1,1,0,1,4608,1824,4608,1,4608,4608,4608,0,0,0,1.0,12
1,1,0,1,5120,1,1280,1,5120,1280,5120,0,0,0,1.0,904
1,1,0,1,5120,4,1280,1,5120,1280,5120,0,0,0,1.0,36
1,1,0,1,5120,1500,1280,1,5120,1280,5120,0,0,0,1.0,64
1,1,0,1,30524,30,768,1,30524,768,30524,0,0,0,1.0,319
1,1,1,0,16,16,32,7680,32,32,16,512,512,256,1.0,56
1,1,1,0,16,16,32,15360,32,32,16,512,512,256,1.0,168
1,1,1,0,16,16,32,30720,32,32,16,512,512,256,1.0,56
1,1,1,0,16,16,32,61440,32,32,16,512,512,256,1.0,56
1,1,1,0,49,49,32,24,32,32,49,1568,1568,2401,1.0,1012
1,1,1,0,49,49,32,48,32,32,49,1568,1568,2401,1.0,3036
1,1,1,0,49,49,32,96,32,32,49,1568,1568,2401,1.0,1012
1,1,1,0,49,49,32,192,32,32,49,1568,1568,2401,1.0,1012
1,1,1,0,100,100,32,8,32,32,100,3200,3200,10000,1.0,2369
1,1,1,0,256,256,32,48,32,32,256,8192,8192,65536,1.0,304
1,1,1,0,256,256,32,96,32,32,256,8192,8192,65536,1.0,912
1,1,1,0,256,256,32,192,32,32,256,8192,8192,65536,1.0,304
1,1,1,0,256,256,32,384,32,32,256,8192,8192,65536,1.0,304
1,1,1,0,256,256,32,768,32,32,256,8192,8192,65536,1.0,18
1,1,1,0,256,256,32,1536,32,32,256,8192,8192,65536,1.0,162
1,1,1,0,256,256,32,3072,32,32,256,8192,8192,65536,1.0,18
1,1,1,0,256,256,32,6144,32,32,256,8192,8192,65536,1.0,24
1,1,1,0,256,256,32,12288,32,32,256,8192,8192,65536,1.0,54
1,1,1,0,256,256,32,24576,32,32,256,8192,8192,65536,1.0,6
1,1,1,0,256,256,32,49152,32,32,256,8192,8192,65536,1.0,6
1,1,1,0,400,100,32,8,32,32,400,12800,3200,40000,1.0,1518
1,1,1,0,400,400,32,8,32,32,400,12800,12800,160000,1.0,1518
1,1,1,0,577,577,64,12,64,64,577,36928,36928,332929,1.0,4056
1,1,1,0,625,100,32,8,32,32,625,20000,3200,62500,1.0,1104
1,1,1,0,625,625,32,8,32,32,625,20000,20000,390625,1.0,1104
1,1,1,1,4,1,256,1,256,256,4,0,0,0,1.0,274
1,1,1,1,4,16384,4,1,4,4,4,0,0,0,1.0,274
1,1,1,1,16,4096,16,1,16,16,16,0,0,0,1.0,274
1,1,1,1,32,1,256,1,256,256,32,0,0,0,1.0,1096
1,1,1,1,96,3136,48,1,48,48,96,0,0,0,1.0,506
1,1,1,1,96,32768,48,1,48,48,96,0,0,0,1.0,152
1,1,1,1,96,65536,96,1,96,96,96,0,0,0,1.0,84
1,1,1,1,96,65536,384,1,384,384,96,0,0,0,1.0,84
1,1,1,1,96,100352,48,1,48,48,96,0,0,0,1.0,86
1,1,1,1,128,12,256,1,256,256,128,0,0,0,1.0,1918
1,1,1,1,128,4096,256,1,256,256,128,0,0,0,1.0,2192
1,1,1,1,128,393216,48,1,48,48,128,0,0,0,1.0,9
1,1,1,1,128,3145728,48,1,48,48,128,0,0,0,1.0,3
1,1,1,1,192,16384,192,1,192,192,192,0,0,0,1.0,168
1,1,1,1,192,16384,768,1,768,768,192,0,0,0,1.0,168
1,1,1,1,192,25088,384,1,384,384,192,0,0,0,1.0,86
1,1,1,1,192,65536,96,1,96,96,192,0,0,0,1.0,84
1,1,1,1,256,1,256,1,256,256,256,0,0,0,1.0,2740
1,1,1,1,256,12,128,1,128,128,256,0,0,0,1.0,822
1,1,1,1,256,12,256,1,256,256,256,0,0,0,1.0,2192
1,1,1,1,256,12,2048,1,2048,2048,256,0,0,0,1.0,548
1,1,1,1,256,4096,128,1,128,128,256,0,0,0,1.0,548
1,1,1,1,288,65536,96,1,96,96,288,0,0,0,1.0,84
1,1,1,1,384,4096,384,1,384,384,384,0,0,0,1.0,336
1,1,1,1,384,4096,1536,1,1536,1536,384,0,0,0,1.0,924
1,1,1,1,384,4900,384,1,384,384,384,0,0,0,1.0,588
1,1,1,1,384,6272,768,1,768,768,384,0,0,0,1.0,86
1,1,1,1,384,16384,192,1,192,192,384,0,0,0,1.0,84
1,1,1,1,384,65536,96,1,96,96,384,0,0,0,1.0,84
1,1,1,1,576,16384,192,1,192,192,576,0,0,0,1.0,84
1,1,1,1,576,65536,96,1,96,96,576,0,0,0,1.0,84
1,1,1,1,768,576,768,1,768,768,768,0,0,0,1.0,338
1,1,1,1,768,1024,3072,1,3072,3072,768,0,0,0,1.0,168
1,1,1,1,768,1225,768,1,768,768,768,0,0,0,1.0,168
1,1,1,1,768,1568,1536,1,1536,1536,768,0,0,0,1.0,86
1,1,1,1,768,4096,384,1,384,384,768,0,0,0,1.0,84
1,1,1,1,768,16384,192,1,192,192,768,0,0,0,1.0,168
1,1,1,1,1000,1,768,1,768,768,1000,0,0,0,1.0,658
1,1,1,1,1000,1,1024,1,1024,1024,1000,0,0,0,1.0,9
1,1,1,1,1000,1,2048,1,2048,2048,1000,0,0,0,1.0,415
1,1,1,1,1000,8,768,1,768,768,1000,0,0,0,1.0,28
1,1,1,1,1000,8,1024,1,1024,1024,1000,0,0,0,1.0,3
1,1,1,1,1000,32,768,1,768,768,1000,0,0,0,1.0,86
1,1,1,1,1001,1,1280,1,1280,1280,1001,0,0,0,1.0,620
1,1,1,1,1152,4096,384,1,384,384,1152,0,0,0,1.0,252
1,1,1,1,1152,4096,588,1,588,588,1152,0,0,0,1.0,8
1,1,1,1,1152,4900,384,1,384,384,1152,0,0,0,1.0,588
1,1,1,1,1152,7296,1152,1,1152,1152,1152,0,0,0,1.0,486
1,1,1,1,1152,7296,1536,1,1536,1536,1152,0,0,0,1.0,30
1,1,1,1,1152,7296,4304,1,4304,4304,1152,0,0,0,1.0,486
1,1,1,1,1152,16384,192,1,192,192,1152,0,0,0,1.0,84
1,1,1,1,1536,4096,384,1,384,384,1536,0,0,0,1.0,924
1,1,1,1,2048,12,256,1,256,256,2048,0,0,0,1.0,548
1,1,1,1,2304,1225,768,1,768,768,2304,0,0,0,1.0,84
1,1,1,1,2304,4900,384,1,384,384,2304,0,0,0,1.0,84
1,1,1,1,3072,1024,768,1,768,768,3072,0,0,0,1.0,168
1,1,1,1,3456,7296,1152,1,1152,1152,3456,0,0,0,1.0,486
1,1,1,1,4096,1824,4608,1,4608,4608,4096,0,0,0,1.0,6
1,1,1,1,4304,7296,1152,1,1152,1152,4304,0,0,0,1.0,486
1,1,1,1,4608,1824,4608,1,4608,4608,4608,0,0,0,1.0,18
1,1,1,1,5120,1824,4608,1,4608,4608,5120,0,0,0,1.0,12
